fahrenheit	f
celsius	c
kilometer	km
meter	m
sentimeter	cm
milimeter	mm
hektar	ha
mil	mi
meter persegi	m²
kilometer persegi	km²
kaki	ft
persen	%
hertz	hz
kilowat	kw
daya kuda	hp
miligram	mg
kilogram	kg
gigahertz	ghz
kilohertz	khz
megahertz	mhz
volt	v
jam	h
mega coulomb	mc
kedua	s
nanometer	nm
revolusi per menit	rpm
menit	min
mili ampere	mA
persen	%
kilo watt jam	kwh
meter kubik	m³
mil per jam	mph
tera watt	tw
mili volt	mv
megawatt	mw
mikrometer	μm
terabyte	tb
c c	cc
gram	g
dalton	da
suasana	atm
ohm	ω
desibel	db
peta kedua	ps
ons	oz
hekto liter	hl
mikrogram	μg
petagram	pg
gigabyte	gb
kilobit	kb
elektron volt	ev
megabita	mb
kilobyte	kb
kilobit per detik	kbps
megabit per detik	mbps
batu	st
kilo liter	kl
tera joule	tj
kilo volt	kv
mega volt	mv
kilonewton	kn
megameter	mm
satuan astronomi	au
halaman	yd
radian	rad
lumen	lm
hekto detik	hs
tahi lalat	mol
giga pascal	gpa
mililiter	ml
gigawatt	gw
mega ampere	ma
simpul	kt
kekuatan kilogram	kgf
nano gram	ng
nanodetik	ns
mega siemens	ms
batang	bar
giga liter	gl
mikrodetik	μs
desi ampere	da
pascal	pa
desi detik	ds
mili detik	ms
meteran desi	dm
kubik desi meter	dm³
satuan massa atom	amu
megabita	mb
mega farad	mf
becquerel	bq
petabit	pb
milimeter persegi	mm²
sentimeter persegi	cm²
mil persegi	sq mi
kaki persegi	sq ft
kilopascal	kpa
candela	cd
tera liter	tl
mega detik	ms
megapascal	mpa
meteran peta	pm
peta byte	pb
giga watt jam	gwh
kilo kalori	kcal
abu-abu	gy
saringan	sv
kelas seratus	cwt
c c	cc
kaki persegi	sq ft
inci persegi	sq in
kaki persegi	sqft
kaki persegi	SqFt
milidetik	msec
kilowatt jam	kw·h
miliampere-jam	mA⋅h
kilokalori	kcal
kilokalori	kCal
kilokalori	Kcal
milimeter merkuri	mmhg
milimeter merkuri	mmHg
milimeter persegi	mm2
milimeter kubik	mm3
sentimeter persegi	cm2
sentimeter kubik	cm3
kilometer persegi	km2
kilometer kubik	km3
desimeter persegi	dm2
desimeter kubik	dm3
detik	sec
jam	hrs
mil per jam	mph
kiloherts	khz
kiloherts	kHz
megahertz	mhz
megahertz	mHz
gigahertz	ghz
gigahertz	gHz
kilowatt jam	kwh
mol	mol
sendok the	tsp
kilopascal	kPa
volume	vol
volume	Vol
rotasi per menit	rpm
detak per menit	bpm
galon	gal
pascal	pa
megapascal	mpa
miliampere-jam	mah
menit	min
detik	SEC
kalori	cal
kilokalori	Cal
meter persegi	m2
meter kubik	m3
milimeter	mm
sentimeter	cm
sentimeter	CM
kilometer	km
kilometer	KM
miligram	mg
kilogram	kg
kilogram	KG
jam	hr
hertz	hz
hertz	Hz
mililiter	ml
mililiter	mL
miliampere	mA
sentimeter kubik	cc
piksel	px
piksel	PX
volt	v
volt	V
kilovolt	kv
kilovolt	kV
hektar	ha
ekar	ac
karat	ct
inci	in
kaki	ft
yard	yd
nanometer	nm
desimeter	dm
kilobyte	kb
megabyte	mb
gigabyte	gb
terabyte	tb
kilobyte	KB
megabyte	MB
gigabyte	GB
terabyte	TB
daya kuda	hp
desibel	db
desibel	dB
kilojoule	kj
kilojoule	kJ
ons	oz
kilowatt	kw
kilowatt	KW
joule	j
joule	J
gram	g
gram	G
liter	l
liter	L
meter	m
ohm-meter	Ω·m
mikrometer	μm
mikrogram	μg
mikroampere	μA
derajat Celsius	°c
derajat Celsius	˚c
derajat Fahrenheit	°f
derajat Fahrenheit	˚f
milimeter persegi	mm²
milimeter kubik	mm³
sentimeter persegi	cm²
sentimeter kubik	cm³
kilometer persegi	km²
kilometer kubik	km³
desimeter kubik	dm³
meter persegi	m²
meter kubik	m³
derajat	°
derajat	˚
derajat Celsius	℃
derajat Fahrenheit	℉
ohm	Ω
mikrometer	μm
milimeter persegi	mm2
milimeter kubik	mm3
milimeter	mm
sentimeter persegi	cm2
sentimeter kubik	cm3
sentimeter	cm
sentimeter	CM
kilometer persegi	km2
kilometer kubik	km3
kilometer	km
kilometer	KM
desimeter persegi	dm2
desimeter kubik	dm3
meter persegi	m2
meter kubik	m3
kaki persegi	sq ft
kaki persegi	sq. ft
kaki persegi	sq.ft
kaki persegi	sqft
kaki persegi	SqFt
inci persegi	sq in
mikrogram	μg
miligram	mg
kilogram	kg
kilogram	KG
milidetik	msec
detik	sec
jam	hr
jam	hrs
meter per detik	m/s
kilometer per jam	km/h
mil per jam	mph
bit per detik	bit/s
bit per detik	Bit/s
byte per detik	byte/s
byte per detik	Byte/s
derajat Celsius	°c
derajat Celsius	˚c
derajat Fahrenheit	°f
derajat Fahrenheit	˚f
kilokalori	kcal
kilokalori	kCal
kilokalori	Kcal
ons cairan	fl.oz
farad per meter	F/m
gram per liter	g/l
gram per mililiter	g/mL
hertz	hz
hertz	Hz
kiloherts	khz
kiloherts	kHz
megahertz	mhz
megahertz	mHz
gigahertz	ghz
gigahertz	gHz
kilometer per jam	km/h
kilowatt per jam	kw/h
kilowatt jam	kw·h
kilowatt jam	kS·h
kilowatt jam	kwh
kilowatt jam	kSh
mililiter	ml
mililiter	mL
miligram per mililiter	mg/ml
miligram per mililiter	mg/mL
miligram per liter	mg/l
miligram per liter	mg/L
miliampere	mA
miliampere-jam	mA⋅h
mol	mol
ohm-meter	Ω·m
siemens per meter	S/m
sendok the	tsp
mikroampere	μA
kilopascal	kPa
milimeter merkuri	mmhg
milimeter merkuri	mmHg
volume	vol
volume	Vol
sentimeter kubik	cc
rotasi per menit	rpm
rotasi per menit	r/min
detak per menit	bpm
piksel	px
piksel	PX
volt	v
volt	V
kilovolt	kv
kilovolt	kV
hektar	ha
ekar	ac
karat	ct
liter	l
liter	L
galon	gal
mol	mol
pascal	pa
megapascal	mpa
miliampere	ma
miliampere-jam	mah
inci	in
kaki	ft
yard	yd
nanometer	nm
meter	m
desimeter	dm
gram	g
gram	G
kilobyte	kb
megabyte	mb
gigabyte	gb
terabyte	tb
kilobyte	KB
megabyte	MB
gigabyte	GB
terabyte	TB
daya kuda	hp
desibel	db
desibel	dB
joule	j
joule	J
kilojoule	kj
kilojoule	kJ
ons	oz
kilowatt	kw
kilowatt	KW
menit	min
detik	SEC
kalori	cal
kilokalori	Cal
inci	"