原子质量	amu
巴	bar
平方厘米	cm²
立方厘米	cm³
厘米	cm
美担	cwt
摄氏度	°C
分贝	db
立方分米	dm³
分米	dm
英尺	ft
华氏度	°F
吉字节	gb
吉赫兹	ghz
吉帕斯卡	gpa
吉瓦时	gwh
吉瓦	gw
戈瑞	gy
小时	h
公顷	ha
赫兹	hz
千比特每秒	kbps
千比特一秒	kbps
千卡	kcal
千克力	kgf
千克	kg
千赫兹	khz
平方千米	km²
公里	km
千米	km
千米每小时	km/h
千米一小时	km/h
千帕	kpa
千瓦时	kwh
千瓦	kw
磅	lbs
平方米	m²
立方米	m³
兆比特每秒	mbps
兆比特一秒	mbps
克	g
毫克	mg
兆赫兹	mhz
平方英里	mi²
分钟	min
英里	mi
毫升	ml
平方毫米	mm²
毫米	mm
摩尔	mol
兆帕	mpa
英里每小时	mph
英里一小时	mph
毫秒	ms
毫伏	mv
毫瓦	mw
千伏	kv
米	m
纳克	ng
纳米	nm
纳秒	ns
盎司	oz
度	º
帕斯卡	pa
皮克	pg
皮秒	ps
弧度	rad
转每分	rpm
平方英尺	sq ft
平方英里	sq mi
系沃特	sv
秒	s
太字节	tb
万亿焦耳	tj
台两	tl
伏特	v
码	yd
微克	μg
微米	μm
微秒	μs
欧米茄	ω
度	°
